isotope,Z,A,symbol,half_life_s,half_life_min,beta_plus_pct,projectile,target_el,target_A,target,peak_xs_mb,peak_E_MeV
Ag-99,47,99,Ag,124.0,2.1,84.5,p,Ag,100,100Ag,143.8,18.0
Ag-99,47,99,Ag,124.0,2.1,84.5,d,Pd,98,98Pd,129.13,8.0
Ag-99,47,99,Ag,124.0,2.1,84.5,p,Pd,99,99Pd,57.3,8.0
Ag-99,47,99,Ag,124.0,2.1,84.5,d,Ag,98,98Ag,15.57,9.0
Ag-100,47,100,Ag,120.6,2.0,98.0,p,Pd,100,100Pd,261.68,14.0
Ag-100,47,100,Ag,120.6,2.0,98.0,p,Ag,101,101Ag,238.69,18.0
Ag-100,47,100,Ag,120.6,2.0,98.0,d,Ag,99,99Ag,91.76,7.0
Ag-100,47,100,Ag,120.6,2.0,98.0,d,Pd,99,99Pd,80.18,8.0
Ag-100,47,100,Ag,120.6,2.0,98.0,p,Pd,101,101Pd,67.69,18.0
Ag-100,47,100,Ag,120.6,2.0,98.0,p,In,104,104In,20.37,18.0
Ag-100,47,100,Ag,120.6,2.0,98.0,p,Cd,103,103Cd,14.57,16.0
Ag-100,47,100,Ag,120.6,2.0,98.0,d,Cd,102,102Cd,10.28,9.0
Ag-101,47,101,Ag,666.0,11.1,72.0,p,Ag,102,102Ag,577.86,18.0
Ag-101,47,101,Ag,666.0,11.1,72.0,p,Pd,101,101Pd,397.62,12.0
Ag-101,47,101,Ag,666.0,11.1,72.0,p,Pd,102,102Pd,302.63,18.0
Ag-101,47,101,Ag,666.0,11.1,72.0,d,Pd,100,100Pd,188.97,8.0
Ag-101,47,101,Ag,666.0,11.1,72.0,d,Pd,101,101Pd,131.81,9.0
Ag-101,47,101,Ag,666.0,11.1,72.0,d,Ag,100,100Ag,87.64,9.0
Ag-101,47,101,Ag,666.0,11.1,72.0,p,Cd,104,104Cd,29.08,16.0
Ag-101,47,101,Ag,666.0,11.1,72.0,d,Cd,103,103Cd,16.71,9.0
Ag-101,47,101,Ag,666.0,11.1,72.0,p,In,105,105In,14.82,18.0
Ag-104,47,104,Ag,4152.0,69.2,78.0,p,Pd,104,104Pd,896.48,13.0
Ag-104,47,104,Ag,4152.0,69.2,78.0,p,Pd,105,105Pd,801.95,18.0
Ag-104,47,104,Ag,4152.0,69.2,78.0,p,Ag,105,105Ag,267.9,18.0
Ag-104,47,104,Ag,4152.0,69.2,78.0,d,Pd,104,104Pd,263.98,9.0
Ag-104,47,104,Ag,4152.0,69.2,78.0,d,Ag,103,103Ag,197.88,9.0
Ag-104,47,104,Ag,4152.0,69.2,78.0,d,Pd,103,103Pd,192.92,8.0
Ag-104,47,104,Ag,4152.0,69.2,78.0,p,Cd,107,107Cd,20.56,18.0
Ag-104,47,104,Ag,4152.0,69.2,78.0,d,Cd,106,106Cd,10.08,9.0
Ag-106,47,106,Ag,1437.6,24.0,111.5,p,Pd,107,107Pd,904.53,18.0
Ag-106,47,106,Ag,1437.6,24.0,111.5,p,Pd,106,106Pd,812.75,12.0
Ag-106,47,106,Ag,1437.6,24.0,111.5,d,Pd,106,106Pd,462.6,9.0
Ag-106,47,106,Ag,1437.6,24.0,111.5,d,Ag,105,105Ag,117.98,9.0
Ag-106,47,106,Ag,1437.6,24.0,111.5,d,Pd,105,105Pd,97.26,8.0
Ag-106,47,106,Ag,1437.6,24.0,111.5,p,Ag,107,107Ag,84.88,18.0
Ag-106,47,106,Ag,1437.6,24.0,111.5,p,Cd,109,109Cd,14.01,18.0
As-68,33,68,As,151.6,2.5,99.0,p,As,69,69As,85.54,10.0
As-68,33,68,As,151.6,2.5,99.0,p,Ge,68,68Ge,78.96,15.0
As-68,33,68,As,151.6,2.5,99.0,d,Ge,67,67Ge,55.67,6.0
As-68,33,68,As,151.6,2.5,99.0,p,Br,72,72Br,38.11,18.0
As-68,33,68,As,151.6,2.5,99.0,d,As,67,67As,32.6,6.0
As-68,33,68,As,151.6,2.5,99.0,d,Br,71,71Br,31.9,9.0
As-68,33,68,As,151.6,2.5,99.0,p,Se,71,71Se,31.82,10.0
As-68,33,68,As,151.6,2.5,99.0,d,Se,70,70Se,22.22,8.0
As-69,33,69,As,912.0,15.2,94.1,p,As,70,70As,204.79,18.0
As-69,33,69,As,912.0,15.2,94.1,p,Ge,69,69Ge,154.72,11.0
As-69,33,69,As,912.0,15.2,94.1,d,Ge,68,68Ge,125.75,7.0
As-69,33,69,As,912.0,15.2,94.1,d,Br,72,72Br,35.72,9.0
As-69,33,69,As,912.0,15.2,94.1,d,As,68,68As,29.61,7.0
As-69,33,69,As,912.0,15.2,94.1,p,Br,73,73Br,24.57,18.0
As-69,33,69,As,912.0,15.2,94.1,d,Se,71,71Se,19.37,9.0
As-69,33,69,As,912.0,15.2,94.1,p,Se,72,72Se,19.34,14.0
As-69,33,69,As,912.0,15.2,94.1,p,Ge,70,70Ge,13.9,18.0
As-69,33,69,As,912.0,15.2,94.1,d,Ge,69,69Ge,13.74,9.0
As-70,33,70,As,3156.0,52.6,91.0,p,Ge,70,70Ge,443.68,13.0
As-70,33,70,As,3156.0,52.6,91.0,p,As,71,71As,263.31,18.0
As-70,33,70,As,3156.0,52.6,91.0,d,Ge,69,69Ge,180.1,6.0
As-70,33,70,As,3156.0,52.6,91.0,d,As,69,69As,148.2,7.0
As-70,33,70,As,3156.0,52.6,91.0,p,Ge,71,71Ge,106.11,18.0
As-70,33,70,As,3156.0,52.6,91.0,d,Se,72,72Se,40.69,9.0
As-70,33,70,As,3156.0,52.6,91.0,p,Se,73,73Se,40.26,15.0
As-70,33,70,As,3156.0,52.6,91.0,p,Br,74,74Br,14.0,18.0
Au-186,79,186,Au,642.0,10.7,51.0,p,Pt,186,186Pt,739.47,16.0
Au-186,79,186,Au,642.0,10.7,51.0,p,Pt,187,187Pt,513.35,18.0
Au-186,79,186,Au,642.0,10.7,51.0,d,Pt,185,185Pt,72.0,9.0
Au-186,79,186,Au,642.0,10.7,51.0,p,Pt,185,185Pt,45.76,11.0
Au-186,79,186,Au,642.0,10.7,51.0,d,Au,185,185Au,43.1,9.0
Ba-127,56,127,Ba,762.0,12.7,53.0,p,Cs,128,128Cs,769.54,18.0
Ba-127,56,127,Ba,762.0,12.7,53.0,p,Cs,127,127Cs,728.59,13.0
Ba-127,56,127,Ba,762.0,12.7,53.0,p,Ba,128,128Ba,253.14,18.0
Ba-127,56,127,Ba,762.0,12.7,53.0,d,Cs,127,127Cs,182.38,9.0
Ba-127,56,127,Ba,762.0,12.7,53.0,d,Cs,126,126Cs,174.0,9.0
Ba-127,56,127,Ba,762.0,12.7,53.0,d,Ba,126,126Ba,155.6,9.0
Ba-127,56,127,Ba,762.0,12.7,53.0,p,La,130,130La,12.78,18.0
Bi-196,83,196,Bi,308.0,5.1,86.0,p,Pb,196,196Pb,892.66,18.0
Bi-196,83,196,Bi,308.0,5.1,86.0,p,Pb,197,197Pb,254.06,18.0
Bi-196,83,196,Bi,308.0,5.1,86.0,p,Pb,195,195Pb,71.28,10.0
Bi-196,83,196,Bi,308.0,5.1,86.0,d,Pb,195,195Pb,50.9,9.0
Bi-196,83,196,Bi,308.0,5.1,86.0,d,Bi,195,195Bi,29.93,9.0
Bi-196,83,196,Bi,308.0,5.1,86.0,p,Bi,197,197Bi,10.77,18.0
Br-73,35,73,Br,204.0,3.4,94.0,p,Br,74,74Br,132.22,18.0
Br-73,35,73,Br,204.0,3.4,94.0,p,Se,73,73Se,116.22,12.0
Br-73,35,73,Br,204.0,3.4,94.0,d,Se,72,72Se,106.6,7.0
Br-73,35,73,Br,204.0,3.4,94.0,d,Rb,76,76Rb,15.95,9.0
Br-73,35,73,Br,204.0,3.4,94.0,d,Br,72,72Br,12.71,8.0
Br-73,35,73,Br,204.0,3.4,94.0,d,Kr,75,75Kr,12.61,9.0
Br-73,35,73,Br,204.0,3.4,94.0,p,Rb,77,77Rb,10.25,18.0
Br-74,35,74,Br,1524.0,25.4,178.0,p,Se,74,74Se,408.41,14.0
Br-74,35,74,Br,1524.0,25.4,178.0,p,Br,75,75Br,224.91,18.0
Br-74,35,74,Br,1524.0,25.4,178.0,d,Se,73,73Se,164.2,7.0
Br-74,35,74,Br,1524.0,25.4,178.0,d,Br,73,73Br,90.59,7.0
Br-74,35,74,Br,1524.0,25.4,178.0,p,Se,75,75Se,42.87,18.0
Br-74,35,74,Br,1524.0,25.4,178.0,p,Kr,77,77Kr,30.75,17.0
Br-74,35,74,Br,1524.0,25.4,178.0,d,Kr,76,76Kr,29.76,9.0
Br-75,35,75,Br,5802.0,96.7,74.5,p,Br,76,76Br,526.96,18.0
Br-75,35,75,Br,5802.0,96.7,74.5,p,Se,75,75Se,435.02,11.0
Br-75,35,75,Br,5802.0,96.7,74.5,d,Se,74,74Se,294.91,8.0
Br-75,35,75,Br,5802.0,96.7,74.5,p,Se,76,76Se,272.95,18.0
Br-75,35,75,Br,5802.0,96.7,74.5,d,Se,75,75Se,251.43,9.0
Br-75,35,75,Br,5802.0,96.7,74.5,d,Br,74,74Br,50.01,7.0
Br-75,35,75,Br,5802.0,96.7,74.5,d,Kr,77,77Kr,17.69,9.0
Br-75,35,75,Br,5802.0,96.7,74.5,p,Kr,78,78Kr,16.5,17.0
Br-75,35,75,Br,5802.0,96.7,74.5,d,Rb,78,78Rb,15.29,9.0
Br-75,35,75,Br,5802.0,96.7,74.5,p,Rb,79,79Rb,10.89,18.0
Br-78,35,78,Br,387.0,6.5,92.5,p,Se,78,78Se,864.38,13.0
Br-78,35,78,Br,387.0,6.5,92.5,p,Se,79,79Se,849.19,18.0
Br-78,35,78,Br,387.0,6.5,92.5,d,Se,78,78Se,460.25,9.0
Br-78,35,78,Br,387.0,6.5,92.5,d,Se,77,77Se,240.41,6.0
Br-78,35,78,Br,387.0,6.5,92.5,p,Br,79,79Br,193.53,18.0
Br-78,35,78,Br,387.0,6.5,92.5,d,Br,77,77Br,145.91,7.0
Br-78,35,78,Br,387.0,6.5,92.5,p,Kr,81,81Kr,18.28,18.0
Br-78,35,78,Br,387.0,6.5,92.5,p,Kr,79,79Kr,13.63,18.0
C-11,6,11,C,1221.84,20.4,99.8,p,B,10,10B,1000.0,0.01
C-11,6,11,C,1221.84,20.4,99.8,d,C,10,10C,656.42,4.0
C-11,6,11,C,1221.84,20.4,99.8,d,N,13,13N,273.08,8.0
C-11,6,11,C,1221.84,20.4,99.8,p,N,14,14N,248.8,7.5
C-11,6,11,C,1221.84,20.4,99.8,d,B,10,10B,227.21,5.0
C-11,6,11,C,1221.84,20.4,99.8,p,B,11,11B,216.03,12.0
C-11,6,11,C,1221.84,20.4,99.8,d,O,14,14O,103.09,9.0
C-11,6,11,C,1221.84,20.4,99.8,p,O,15,15O,49.15,18.0
C-11,6,11,C,1221.84,20.4,99.8,p,N,13,13N,18.43,18.0
C-11,6,11,C,1221.84,20.4,99.8,p,O,17,17O,16.45,18.0
Ce-129,58,129,Ce,210.0,3.5,81.5,p,La,129,129La,615.16,15.0
Ce-129,58,129,Ce,210.0,3.5,81.5,d,La,128,128La,243.62,9.0
Ce-129,58,129,Ce,210.0,3.5,81.5,p,La,130,130La,234.81,18.0
Ce-129,58,129,Ce,210.0,3.5,81.5,p,Ce,130,130Ce,230.53,18.0
Ce-129,58,129,Ce,210.0,3.5,81.5,d,Ce,128,128Ce,224.64,9.0
Ce-129,58,129,Ce,210.0,3.5,81.5,p,La,128,128La,57.75,8.0
Ce-129,58,129,Ce,210.0,3.5,81.5,p,Pr,132,132Pr,20.13,18.0
Ce-133,58,133,Ce,5820.0,97.0,51.4,p,La,134,134La,890.44,18.0
Ce-133,58,133,Ce,5820.0,97.0,51.4,p,La,133,133La,693.7,13.0
Ce-133,58,133,Ce,5820.0,97.0,51.4,d,La,133,133La,174.34,9.0
Ce-133,58,133,Ce,5820.0,97.0,51.4,d,La,132,132La,148.68,9.0
Ce-133,58,133,Ce,5820.0,97.0,51.4,d,Ce,132,132Ce,126.29,9.0
Ce-133,58,133,Ce,5820.0,97.0,51.4,p,Ce,134,134Ce,94.01,18.0
Co-55,27,55,Co,63108.0,1051.8,76.0,p,Fe,54,54Fe,2261.34,1.25
Co-55,27,55,Co,63108.0,1051.8,76.0,p,Ni,56,56Ni,825.46,18.0
Co-55,27,55,Co,63108.0,1051.8,76.0,p,Fe,55,55Fe,251.72,11.0
Co-55,27,55,Co,63108.0,1051.8,76.0,p,Co,56,56Co,202.27,18.0
Co-55,27,55,Co,63108.0,1051.8,76.0,d,Fe,54,54Fe,150.65,6.0
Co-55,27,55,Co,63108.0,1051.8,76.0,d,Co,54,54Co,105.05,6.0
Co-55,27,55,Co,63108.0,1051.8,76.0,d,Fe,55,55Fe,66.34,9.0
Co-55,27,55,Co,63108.0,1051.8,76.0,p,Fe,56,56Fe,57.18,18.0
Co-55,27,55,Co,63108.0,1051.8,76.0,d,Ni,57,57Ni,52.99,9.0
Co-55,27,55,Co,63108.0,1051.8,76.0,p,Ni,58,58Ni,47.51,16.0
Co-55,27,55,Co,63108.0,1051.8,76.0,d,Cu,58,58Cu,43.92,9.0
Co-55,27,55,Co,63108.0,1051.8,76.0,p,Cu,59,59Cu,22.9,18.0
Cr-49,24,49,Cr,2538.0,42.3,93.0,d,Cr,48,48Cr,545.58,6.0
Cr-49,24,49,Cr,2538.0,42.3,93.0,p,V,49,49V,282.43,13.0
Cr-49,24,49,Cr,2538.0,42.3,93.0,d,V,48,48V,157.25,5.0
Cr-49,24,49,Cr,2538.0,42.3,93.0,p,Cr,50,50Cr,147.81,18.0
Cr-49,24,49,Cr,2538.0,42.3,93.0,d,V,49,49V,124.86,9.0
Cr-49,24,49,Cr,2538.0,42.3,93.0,p,V,50,50V,103.04,18.0
Cr-49,24,49,Cr,2538.0,42.3,93.0,p,Mn,52,52Mn,35.93,17.0
Cr-49,24,49,Cr,2538.0,42.3,93.0,d,Mn,51,51Mn,30.96,9.0
Cs-121,55,121,Cs,155.0,2.6,162.5,p,Xe,121,121Xe,278.42,14.0
Cs-121,55,121,Cs,155.0,2.6,162.5,d,Xe,120,120Xe,182.26,9.0
Cs-121,55,121,Cs,155.0,2.6,162.5,p,Cs,122,122Cs,149.74,18.0
Cs-121,55,121,Cs,155.0,2.6,162.5,d,Cs,120,120Cs,80.72,9.0
Cs-121,55,121,Cs,155.0,2.6,162.5,p,Xe,120,120Xe,19.04,9.0
Cs-121,55,121,Cs,155.0,2.6,162.5,p,Xe,122,122Xe,12.33,18.0
Cs-121,55,121,Cs,155.0,2.6,162.5,p,Ba,124,124Ba,11.57,18.0
Cs-123,55,123,Cs,351.6,5.9,71.0,p,Xe,123,123Xe,674.46,14.0
Cs-123,55,123,Cs,351.6,5.9,71.0,p,Cs,124,124Cs,519.23,18.0
Cs-123,55,123,Cs,351.6,5.9,71.0,d,Xe,122,122Xe,364.58,9.0
Cs-123,55,123,Cs,351.6,5.9,71.0,p,Xe,124,124Xe,360.4,18.0
Cs-123,55,123,Cs,351.6,5.9,71.0,d,Cs,122,122Cs,195.19,9.0
Cs-123,55,123,Cs,351.6,5.9,71.0,p,Xe,122,122Xe,118.62,8.0
Cs-123,55,123,Cs,351.6,5.9,71.0,d,Xe,123,123Xe,83.9,9.0
Cs-123,55,123,Cs,351.6,5.9,71.0,p,Ba,126,126Ba,21.47,18.0
Cs-128,55,128,Cs,218.4,3.6,69.0,p,Xe,129,129Xe,1019.97,18.0
Cs-128,55,128,Cs,218.4,3.6,69.0,p,Xe,128,128Xe,802.94,13.0
Cs-128,55,128,Cs,218.4,3.6,69.0,d,Xe,128,128Xe,167.4,9.0
Cs-128,55,128,Cs,218.4,3.6,69.0,d,Xe,127,127Xe,151.05,9.0
Cs-128,55,128,Cs,218.4,3.6,69.0,d,Cs,127,127Cs,106.58,9.0
Cs-128,55,128,Cs,218.4,3.6,69.0,p,Cs,129,129Cs,25.41,18.0
Cu-60,29,60,Cu,1422.0,23.7,92.5,p,Ni,60,60Ni,334.72,13.0
Cu-60,29,60,Cu,1422.0,23.7,92.5,p,Cu,61,61Cu,210.51,18.0
Cu-60,29,60,Cu,1422.0,23.7,92.5,d,Ni,59,59Ni,183.55,6.0
Cu-60,29,60,Cu,1422.0,23.7,92.5,d,Cu,59,59Cu,154.39,6.0
Cu-60,29,60,Cu,1422.0,23.7,92.5,p,Zn,63,63Zn,102.42,11.0
Cu-60,29,60,Cu,1422.0,23.7,92.5,d,Ga,63,63Ga,70.91,9.0
Cu-60,29,60,Cu,1422.0,23.7,92.5,d,Zn,62,62Zn,66.4,7.0
Cu-60,29,60,Cu,1422.0,23.7,92.5,p,Ga,64,64Ga,65.35,18.0
Cu-60,29,60,Cu,1422.0,23.7,92.5,p,Ni,61,61Ni,54.64,18.0
Cu-61,29,61,Cu,12020.4,200.3,61.5,p,Ni,60,60Ni,7552.86,1.0
Cu-61,29,61,Cu,12020.4,200.3,61.5,p,Ni,61,61Ni,475.0,10.3
Cu-61,29,61,Cu,12020.4,200.3,61.5,p,Cu,62,62Cu,444.76,18.0
Cu-61,29,61,Cu,12020.4,200.3,61.5,d,Ni,60,60Ni,286.79,7.0
Cu-61,29,61,Cu,12020.4,200.3,61.5,d,Ni,61,61Ni,271.98,9.0
Cu-61,29,61,Cu,12020.4,200.3,61.5,p,Ni,62,62Ni,213.44,18.0
Cu-61,29,61,Cu,12020.4,200.3,61.5,d,Cu,60,60Cu,102.97,6.0
Cu-61,29,61,Cu,12020.4,200.3,61.5,p,Zn,64,64Zn,70.6,14.5
Cu-61,29,61,Cu,12020.4,200.3,61.5,d,Ga,64,64Ga,46.84,9.0
Cu-61,29,61,Cu,12020.4,200.3,61.5,p,Ga,65,65Ga,35.53,18.0
Cu-61,29,61,Cu,12020.4,200.3,61.5,d,Zn,63,63Zn,32.11,7.0
Cu-61,29,61,Cu,12020.4,200.3,61.5,p,Zn,65,65Zn,24.55,18.0
Cu-62,29,62,Cu,580.2,9.7,97.8,p,Ni,61,61Ni,7614.19,1.0
Cu-62,29,62,Cu,580.2,9.7,97.8,p,Ni,62,62Ni,660.45,12.0
Cu-62,29,62,Cu,580.2,9.7,97.8,p,Cu,63,63Cu,517.85,18.0
Cu-62,29,62,Cu,580.2,9.7,97.8,p,Ni,63,63Ni,502.81,18.0
Cu-62,29,62,Cu,580.2,9.7,97.8,d,Ni,61,61Ni,349.68,6.0
Cu-62,29,62,Cu,580.2,9.7,97.8,d,Cu,61,61Cu,344.73,7.0
Cu-62,29,62,Cu,580.2,9.7,97.8,d,Ni,62,62Ni,228.57,9.0
Cu-62,29,62,Cu,580.2,9.7,97.8,p,Zn,65,65Zn,138.01,11.0
Cu-62,29,62,Cu,580.2,9.7,97.8,d,Zn,64,64Zn,110.31,8.0
Cu-62,29,62,Cu,580.2,9.7,97.8,p,Ga,66,66Ga,51.66,18.0
Cu-62,29,62,Cu,580.2,9.7,97.8,d,Ga,65,65Ga,23.35,9.0
Eu-143,63,143,Eu,155.4,2.6,75.5,p,Sm,143,143Sm,738.69,16.0
Eu-143,63,143,Eu,155.4,2.6,75.5,d,Sm,142,142Sm,232.89,9.0
Eu-143,63,143,Eu,155.4,2.6,75.5,p,Eu,144,144Eu,227.32,18.0
Eu-143,63,143,Eu,155.4,2.6,75.5,p,Sm,144,144Sm,160.59,18.0
Eu-143,63,143,Eu,155.4,2.6,75.5,d,Eu,142,142Eu,101.99,9.0
Eu-143,63,143,Eu,155.4,2.6,75.5,p,Sm,142,142Sm,93.97,11.0
F-18,9,18,F,6586.2,109.8,96.7,d,F,17,17F,398.62,4.0
F-18,9,18,F,6586.2,109.8,96.7,d,O,17,17O,393.2,4.0
F-18,9,18,F,6586.2,109.8,96.7,p,O,18,18O,324.42,9.0
F-18,9,18,F,6586.2,109.8,96.7,d,Ne,20,20Ne,320.7,7.0
F-18,9,18,F,6586.2,109.8,96.7,p,Ne,21,21Ne,207.02,10.0
F-18,9,18,F,6586.2,109.8,96.7,p,F,19,19F,178.9,18.0
F-18,9,18,F,6586.2,109.8,96.7,d,O,18,18O,96.03,9.0
F-18,9,18,F,6586.2,109.8,96.7,d,Na,21,21Na,95.16,9.0
F-18,9,18,F,6586.2,109.8,96.7,p,O,19,19O,79.02,14.0
F-18,9,18,F,6586.2,109.8,96.7,p,Na,22,22Na,47.68,18.0
F-18,9,18,F,6586.2,109.8,96.7,p,O,17,17O,29.96,18.0
F-18,9,18,F,6586.2,109.8,96.7,p,Ne,22,22Ne,16.34,18.0
F-18,9,18,F,6586.2,109.8,96.7,d,Ne,21,21Ne,10.84,9.0
Fe-52,26,52,Fe,29790.0,496.5,99.6,p,Mn,52,52Mn,111.09,12.0
Fe-52,26,52,Fe,29790.0,496.5,99.6,p,Fe,53,53Fe,84.0,18.0
Fe-52,26,52,Fe,29790.0,496.5,99.6,d,Mn,51,51Mn,64.87,5.0
Fe-52,26,52,Fe,29790.0,496.5,99.6,d,Co,54,54Co,38.12,8.0
Fe-52,26,52,Fe,29790.0,496.5,99.6,p,Co,55,55Co,27.57,18.0
Fe-52,26,52,Fe,29790.0,496.5,99.6,d,Mn,52,52Mn,14.52,9.0
Fe-52,26,52,Fe,29790.0,496.5,99.6,p,Mn,53,53Mn,12.07,18.0
Fe-53,26,53,Fe,510.6,8.5,97.0,d,Fe,52,52Fe,496.71,6.0
Fe-53,26,53,Fe,510.6,8.5,97.0,p,Mn,53,53Mn,256.08,14.0
Fe-53,26,53,Fe,510.6,8.5,97.0,d,Mn,52,52Mn,129.74,5.0
Fe-53,26,53,Fe,510.6,8.5,97.0,p,Fe,54,54Fe,118.84,18.0
Fe-53,26,53,Fe,510.6,8.5,97.0,p,Mn,54,54Mn,51.62,18.0
Fe-53,26,53,Fe,510.6,8.5,97.0,p,Co,56,56Co,46.54,16.0
Fe-53,26,53,Fe,510.6,8.5,97.0,d,Co,55,55Co,35.29,9.0
Fe-53,26,53,Fe,510.6,8.5,97.0,d,Mn,53,53Mn,27.83,9.0
Fe-53,26,53,Fe,510.6,8.5,97.0,p,Ni,57,57Ni,10.07,18.0
Ga-64,31,64,Ga,157.62,2.6,97.5,p,Zn,64,64Zn,165.51,14.0
Ga-64,31,64,Ga,157.62,2.6,97.5,p,Ga,65,65Ga,66.35,18.0
Ga-64,31,64,Ga,157.62,2.6,97.5,d,Zn,63,63Zn,64.66,6.0
Ga-64,31,64,Ga,157.62,2.6,97.5,d,Ga,63,63Ga,61.01,6.0
Ga-64,31,64,Ga,157.62,2.6,97.5,p,Ge,67,67Ge,49.66,12.0
Ga-64,31,64,Ga,157.62,2.6,97.5,d,Ge,66,66Ge,34.25,8.0
Ga-64,31,64,Ga,157.62,2.6,97.5,p,As,68,68As,29.66,18.0
Ga-64,31,64,Ga,157.62,2.6,97.5,d,As,67,67As,25.05,9.0
Ga-65,31,65,Ga,912.0,15.2,90.0,p,Ga,66,66Ga,377.55,18.0
Ga-65,31,65,Ga,912.0,15.2,90.0,p,Zn,65,65Zn,311.05,10.0
Ga-65,31,65,Ga,912.0,15.2,90.0,d,Zn,64,64Zn,193.71,7.0
Ga-65,31,65,Ga,912.0,15.2,90.0,p,Zn,66,66Zn,93.9,18.0
Ga-65,31,65,Ga,912.0,15.2,90.0,d,Zn,65,65Zn,83.47,9.0
Ga-65,31,65,Ga,912.0,15.2,90.0,p,Ge,68,68Ge,74.69,12.0
Ga-65,31,65,Ga,912.0,15.2,90.0,d,As,68,68As,61.8,9.0
Ga-65,31,65,Ga,912.0,15.2,90.0,p,As,69,69As,43.46,18.0
Ga-65,31,65,Ga,912.0,15.2,90.0,d,Ga,64,64Ga,38.63,7.0
Ga-65,31,65,Ga,912.0,15.2,90.0,d,Ge,67,67Ge,26.17,7.0
Ga-65,31,65,Ga,912.0,15.2,90.0,p,Ge,69,69Ge,10.32,18.0
Ga-66,31,66,Ga,34164.0,569.4,57.0,p,Zn,66,66Zn,639.3,11.8
Ga-66,31,66,Ga,34164.0,569.4,57.0,p,Ga,67,67Ga,402.13,18.0
Ga-66,31,66,Ga,34164.0,569.4,57.0,p,Zn,67,67Zn,338.74,18.0
Ga-66,31,66,Ga,34164.0,569.4,57.0,d,Zn,65,65Zn,244.46,6.0
Ga-66,31,66,Ga,34164.0,569.4,57.0,d,Ga,65,65Ga,212.65,6.0
Ga-66,31,66,Ga,34164.0,569.4,57.0,p,Ge,69,69Ge,76.18,12.0
Ga-66,31,66,Ga,34164.0,569.4,57.0,d,Ge,68,68Ge,64.22,9.0
Ga-66,31,66,Ga,34164.0,569.4,57.0,p,As,70,70As,38.63,18.0
Ga-66,31,66,Ga,34164.0,569.4,57.0,d,As,69,69As,17.85,9.0
Ga-68,31,68,Ga,4062.6,67.7,88.9,p,Zn,68,68Zn,877.5,11.6
Ga-68,31,68,Ga,4062.6,67.7,88.9,p,Zn,69,69Zn,705.31,18.0
Ga-68,31,68,Ga,4062.6,67.7,88.9,d,Zn,68,68Zn,515.88,9.0
Ga-68,31,68,Ga,4062.6,67.7,88.9,p,Ga,69,69Ga,369.92,18.0
Ga-68,31,68,Ga,4062.6,67.7,88.9,d,Zn,67,67Zn,313.72,6.0
Ga-68,31,68,Ga,4062.6,67.7,88.9,d,Ga,67,67Ga,281.44,7.0
Ga-68,31,68,Ga,4062.6,67.7,88.9,p,Ge,69,69Ge,110.11,18.0
Ga-68,31,68,Ga,4062.6,67.7,88.9,p,Ge,71,71Ge,39.15,15.0
Ga-68,31,68,Ga,4062.6,67.7,88.9,d,Ge,70,70Ge,33.2,9.0
Ga-68,31,68,Ga,4062.6,67.7,88.9,d,Ge,68,68Ge,25.93,9.0
Ge-67,32,67,Ge,1134.0,18.9,90.5,d,Ge,66,66Ge,324.35,7.0
Ge-67,32,67,Ge,1134.0,18.9,90.5,p,Ga,67,67Ga,263.55,11.0
Ge-67,32,67,Ge,1134.0,18.9,90.5,p,Ge,68,68Ge,172.52,18.0
Ge-67,32,67,Ge,1134.0,18.9,90.5,d,Ga,66,66Ga,108.54,6.0
Ge-67,32,67,Ge,1134.0,18.9,90.5,p,Ga,68,68Ga,63.4,18.0
Ge-67,32,67,Ge,1134.0,18.9,90.5,p,Se,71,71Se,46.66,18.0
Ge-67,32,67,Ge,1134.0,18.9,90.5,d,As,69,69As,31.63,9.0
Ge-67,32,67,Ge,1134.0,18.9,90.5,p,As,70,70As,31.24,14.0
Ge-67,32,67,Ge,1134.0,18.9,90.5,d,Se,70,70Se,24.71,9.0
Ge-67,32,67,Ge,1134.0,18.9,90.5,d,Ga,67,67Ga,22.98,9.0
Ho-154,67,154,Ho,705.6,11.8,63.5,p,Dy,155,155Dy,833.7,18.0
Ho-154,67,154,Ho,705.6,11.8,63.5,p,Dy,154,154Dy,752.95,15.0
Ho-154,67,154,Ho,705.6,11.8,63.5,d,Dy,153,153Dy,166.39,9.0
Ho-154,67,154,Ho,705.6,11.8,63.5,p,Dy,153,153Dy,115.49,9.0
Ho-154,67,154,Ho,705.6,11.8,63.5,d,Ho,153,153Ho,100.15,9.0
Ho-154,67,154,Ho,705.6,11.8,63.5,p,Ho,155,155Ho,81.11,18.0
I-117,53,117,I,133.2,2.2,77.5,p,I,118,118I,503.65,18.0
I-117,53,117,I,133.2,2.2,77.5,p,Te,117,117Te,421.36,12.0
I-117,53,117,I,133.2,2.2,77.5,d,Te,116,116Te,247.16,9.0
I-117,53,117,I,133.2,2.2,77.5,p,Te,118,118Te,200.29,18.0
I-117,53,117,I,133.2,2.2,77.5,d,I,116,116I,121.75,9.0
I-117,53,117,I,133.2,2.2,77.5,p,Te,116,116Te,52.46,9.0
I-117,53,117,I,133.2,2.2,77.5,d,Te,117,117Te,48.73,9.0
I-117,53,117,I,133.2,2.2,77.5,p,Xe,120,120Xe,16.41,18.0
I-118,53,118,I,822.0,13.7,172.0,p,Te,118,118Te,690.17,15.0
I-118,53,118,I,822.0,13.7,172.0,d,Te,117,117Te,244.13,9.0
I-118,53,118,I,822.0,13.7,172.0,p,Te,119,119Te,155.24,18.0
I-118,53,118,I,822.0,13.7,172.0,d,I,117,117I,150.72,9.0
I-118,53,118,I,822.0,13.7,172.0,p,I,119,119I,32.23,18.0
I-118,53,118,I,822.0,13.7,172.0,p,Te,117,117Te,21.55,8.0
I-118,53,118,I,822.0,13.7,172.0,p,Xe,121,121Xe,12.99,18.0
I-119,53,119,I,1146.0,19.1,56.5,p,Te,119,119Te,745.34,14.0
I-119,53,119,I,1146.0,19.1,56.5,p,Te,120,120Te,586.39,18.0
I-119,53,119,I,1146.0,19.1,56.5,d,Te,118,118Te,372.42,9.0
I-119,53,119,I,1146.0,19.1,56.5,p,I,120,120I,344.92,18.0
I-119,53,119,I,1146.0,19.1,56.5,d,Te,119,119Te,207.58,9.0
I-119,53,119,I,1146.0,19.1,56.5,d,I,118,118I,151.01,9.0
I-119,53,119,I,1146.0,19.1,56.5,p,Te,118,118Te,89.63,10.0
I-120,53,120,I,4896.0,81.6,68.3,p,Te,120,120Te,833.83,14.0
I-120,53,120,I,4896.0,81.6,68.3,p,Te,121,121Te,688.01,18.0
I-120,53,120,I,4896.0,81.6,68.3,d,Te,119,119Te,281.59,9.0
I-120,53,120,I,4896.0,81.6,68.3,d,I,119,119I,141.23,9.0
I-120,53,120,I,4896.0,81.6,68.3,p,I,121,121I,60.85,18.0
I-120,53,120,I,4896.0,81.6,68.3,p,Te,119,119Te,24.89,8.0
I-122,53,122,I,217.8,3.6,78.0,p,Te,123,123Te,976.8,18.0
I-122,53,122,I,217.8,3.6,78.0,p,Te,122,122Te,830.64,13.0
I-122,53,122,I,217.8,3.6,78.0,d,Te,121,121Te,200.61,9.0
I-122,53,122,I,217.8,3.6,78.0,d,Te,122,122Te,153.51,9.0
I-122,53,122,I,217.8,3.6,78.0,d,I,121,121I,113.46,9.0
I-122,53,122,I,217.8,3.6,78.0,p,I,123,123I,48.54,18.0
In-105,49,105,In,304.2,5.1,74.2,p,In,106,106In,369.84,18.0
In-105,49,105,In,304.2,5.1,74.2,p,Cd,105,105Cd,273.44,12.0
In-105,49,105,In,304.2,5.1,74.2,d,Cd,104,104Cd,137.24,9.0
In-105,49,105,In,304.2,5.1,74.2,p,Cd,106,106Cd,71.41,18.0
In-105,49,105,In,304.2,5.1,74.2,d,In,104,104In,57.57,9.0
In-105,49,105,In,304.2,5.1,74.2,p,Sb,109,109Sb,38.6,18.0
In-105,49,105,In,304.2,5.1,74.2,p,Sn,108,108Sn,35.93,12.0
In-105,49,105,In,304.2,5.1,74.2,d,Cd,105,105Cd,25.35,9.0
In-105,49,105,In,304.2,5.1,74.2,d,Sb,108,108Sb,19.44,9.0
In-105,49,105,In,304.2,5.1,74.2,d,Sn,107,107Sn,12.99,9.0
In-106,49,106,In,372.0,6.2,192.0,p,Cd,106,106Cd,446.55,14.0
In-106,49,106,In,372.0,6.2,192.0,p,In,107,107In,335.77,18.0
In-106,49,106,In,372.0,6.2,192.0,d,In,105,105In,145.11,9.0
In-106,49,106,In,372.0,6.2,192.0,p,Cd,107,107Cd,139.79,18.0
In-106,49,106,In,372.0,6.2,192.0,d,Cd,105,105Cd,126.06,8.0
In-106,49,106,In,372.0,6.2,192.0,p,Sb,110,110Sb,25.98,18.0
In-106,49,106,In,372.0,6.2,192.0,p,Sn,109,109Sn,25.48,17.0
In-106,49,106,In,372.0,6.2,192.0,d,Sn,108,108Sn,11.26,9.0
In-108,49,108,In,3480.0,58.0,75.4,p,Cd,108,108Cd,763.68,14.0
In-108,49,108,In,3480.0,58.0,75.4,p,Cd,109,109Cd,610.65,18.0
In-108,49,108,In,3480.0,58.0,75.4,p,In,109,109In,416.27,18.0
In-108,49,108,In,3480.0,58.0,75.4,d,Cd,107,107Cd,195.17,8.0
In-108,49,108,In,3480.0,58.0,75.4,d,In,107,107In,166.36,9.0
In-108,49,108,In,3480.0,58.0,75.4,d,Cd,108,108Cd,51.44,9.0
In-108,49,108,In,3480.0,58.0,75.4,p,Sn,111,111Sn,14.58,18.0
In-108,49,108,In,3480.0,58.0,75.4,p,Sb,112,112Sb,10.11,18.0
In-110,49,110,In,17712.0,295.2,61.3,p,Cd,111,111Cd,900.37,18.0
In-110,49,110,In,17712.0,295.2,61.3,p,Cd,110,110Cd,778.77,13.0
In-110,49,110,In,17712.0,295.2,61.3,d,Cd,110,110Cd,272.13,9.0
In-110,49,110,In,17712.0,295.2,61.3,d,Cd,109,109Cd,168.58,8.0
In-110,49,110,In,17712.0,295.2,61.3,p,In,111,111In,124.35,18.0
In-110,49,110,In,17712.0,295.2,61.3,d,In,109,109In,112.23,9.0
In-110,49,110,In,17712.0,295.2,61.3,p,Sn,113,113Sn,17.71,18.0
K-38,19,38,K,459.06,7.7,199.4,p,Ar,38,38Ar,194.91,13.0
K-38,19,38,K,459.06,7.7,199.4,d,Ar,37,37Ar,126.8,5.0
K-38,19,38,K,459.06,7.7,199.4,p,K,39,39K,102.77,11.0
K-38,19,38,K,459.06,7.7,199.4,d,K,37,37K,60.25,5.0
K-38,19,38,K,459.06,7.7,199.4,d,Ca,40,40Ca,59.73,8.0
K-38,19,38,K,459.06,7.7,199.4,p,Ca,41,41Ca,55.03,14.0
K-38,19,38,K,459.06,7.7,199.4,p,Sc,42,42Sc,39.38,18.0
K-38,19,38,K,459.06,7.7,199.4,p,Ar,39,39Ar,32.62,18.0
Kr-74,36,74,Kr,690.0,11.5,81.0,p,Br,74,74Br,71.87,13.0
Kr-74,36,74,Kr,690.0,11.5,81.0,d,Br,73,73Br,50.39,6.0
Kr-74,36,74,Kr,690.0,11.5,81.0,p,Kr,75,75Kr,39.21,18.0
Kr-74,36,74,Kr,690.0,11.5,81.0,d,Kr,73,73Kr,21.82,7.0
Kr-74,36,74,Kr,690.0,11.5,81.0,d,Rb,76,76Rb,15.59,9.0
Kr-75,36,75,Kr,276.0,4.6,96.0,d,Kr,74,74Kr,226.3,7.0
Kr-75,36,75,Kr,276.0,4.6,96.0,p,Br,75,75Br,171.5,14.0
Kr-75,36,75,Kr,276.0,4.6,96.0,p,Kr,76,76Kr,87.69,18.0
Kr-75,36,75,Kr,276.0,4.6,96.0,d,Br,74,74Br,86.28,6.0
Kr-75,36,75,Kr,276.0,4.6,96.0,d,Rb,77,77Rb,17.8,9.0
Kr-75,36,75,Kr,276.0,4.6,96.0,p,Rb,78,78Rb,13.45,17.0
Kr-75,36,75,Kr,276.0,4.6,96.0,p,Br,76,76Br,12.91,18.0
Kr-75,36,75,Kr,276.0,4.6,96.0,p,Sr,79,79Sr,10.74,18.0
Kr-77,36,77,Kr,4275.0,71.3,81.5,p,Br,77,77Br,513.05,13.0
Kr-77,36,77,Kr,4275.0,71.3,81.5,p,Kr,78,78Kr,419.39,18.0
Kr-77,36,77,Kr,4275.0,71.3,81.5,d,Kr,76,76Kr,413.04,8.0
Kr-77,36,77,Kr,4275.0,71.3,81.5,p,Br,78,78Br,334.02,18.0
Kr-77,36,77,Kr,4275.0,71.3,81.5,d,Br,77,77Br,235.71,9.0
Kr-77,36,77,Kr,4275.0,71.3,81.5,d,Br,76,76Br,166.18,7.0
Kr-77,36,77,Kr,4275.0,71.3,81.5,p,Rb,80,80Rb,26.56,17.0
Kr-77,36,77,Kr,4275.0,71.3,81.5,d,Rb,79,79Rb,25.69,9.0
La-128,57,128,La,310.8,5.2,79.0,p,Ba,128,128Ba,735.6,15.0
La-128,57,128,La,310.8,5.2,79.0,d,Ba,127,127Ba,286.47,9.0
La-128,57,128,La,310.8,5.2,79.0,d,La,127,127La,162.53,9.0
La-128,57,128,La,310.8,5.2,79.0,p,Ba,129,129Ba,79.39,18.0
La-128,57,128,La,310.8,5.2,79.0,p,La,129,129La,50.68,18.0
La-128,57,128,La,310.8,5.2,79.0,p,Ba,127,127Ba,39.76,9.0
La-128,57,128,La,310.8,5.2,79.0,p,Ce,131,131Ce,16.37,18.0
La-129,57,129,La,696.0,11.6,55.5,p,Ba,129,129Ba,700.38,14.0
La-129,57,129,La,696.0,11.6,55.5,p,Ba,130,130Ba,600.43,18.0
La-129,57,129,La,696.0,11.6,55.5,p,La,130,130La,399.41,18.0
La-129,57,129,La,696.0,11.6,55.5,d,Ba,128,128Ba,346.49,9.0
La-129,57,129,La,696.0,11.6,55.5,d,La,128,128La,143.97,9.0
La-129,57,129,La,696.0,11.6,55.5,d,Ba,129,129Ba,141.54,9.0
La-129,57,129,La,696.0,11.6,55.5,p,Ba,128,128Ba,135.74,9.0
La-129,57,129,La,696.0,11.6,55.5,p,Ce,132,132Ce,10.18,18.0
La-130,57,130,La,522.0,8.7,71.0,p,Ba,130,130Ba,875.1,15.0
La-130,57,130,La,522.0,8.7,71.0,p,Ba,131,131Ba,669.13,18.0
La-130,57,130,La,522.0,8.7,71.0,d,Ba,129,129Ba,251.45,9.0
La-130,57,130,La,522.0,8.7,71.0,d,La,129,129La,125.56,9.0
La-130,57,130,La,522.0,8.7,71.0,p,La,131,131La,83.95,18.0
La-130,57,130,La,522.0,8.7,71.0,p,Ba,129,129Ba,16.86,9.0
La-130,57,130,La,522.0,8.7,71.0,p,Ce,133,133Ce,10.96,18.0
La-134,57,134,La,387.0,6.5,63.6,p,Ba,135,135Ba,1062.91,18.0
La-134,57,134,La,387.0,6.5,63.6,p,Ba,134,134Ba,752.41,13.0
La-134,57,134,La,387.0,6.5,63.6,d,Ba,134,134Ba,206.66,9.0
La-134,57,134,La,387.0,6.5,63.6,d,Ba,133,133Ba,136.03,9.0
La-134,57,134,La,387.0,6.5,63.6,d,La,133,133La,102.45,9.0
La-134,57,134,La,387.0,6.5,63.6,p,La,135,135La,11.62,18.0
Mn-51,25,51,Mn,2772.0,46.2,97.1,p,Cr,50,50Cr,5624.2,1.0
Mn-51,25,51,Mn,2772.0,46.2,97.1,p,Cr,51,51Cr,310.47,10.0
Mn-51,25,51,Mn,2772.0,46.2,97.1,d,Cr,50,50Cr,223.62,6.0
Mn-51,25,51,Mn,2772.0,46.2,97.1,p,Mn,52,52Mn,204.6,18.0
Mn-51,25,51,Mn,2772.0,46.2,97.1,d,Cr,51,51Cr,87.31,9.0
Mn-51,25,51,Mn,2772.0,46.2,97.1,d,Fe,53,53Fe,79.44,9.0
Mn-51,25,51,Mn,2772.0,46.2,97.1,d,Mn,50,50Mn,70.05,5.0
Mn-51,25,51,Mn,2772.0,46.2,97.1,p,Fe,54,54Fe,59.64,18.0
Mn-51,25,51,Mn,2772.0,46.2,97.1,p,Cr,52,52Cr,56.26,18.0
Mn-51,25,51,Mn,2772.0,46.2,97.1,d,Co,54,54Co,43.21,9.0
Mo-89,42,89,Mo,126.6,2.1,97.5,d,Mo,88,88Mo,316.51,8.0
Mo-89,42,89,Mo,126.6,2.1,97.5,p,Nb,89,89Nb,181.96,16.0
Mo-89,42,89,Mo,126.6,2.1,97.5,p,Mo,90,90Mo,109.2,18.0
Mo-89,42,89,Mo,126.6,2.1,97.5,d,Nb,88,88Nb,102.52,8.0
Mo-89,42,89,Mo,126.6,2.1,97.5,p,Nb,88,88Nb,18.83,7.0
Mo-91,42,91,Mo,929.4,15.5,137.7,p,Nb,91,91Nb,625.51,15.0
Mo-91,42,91,Mo,929.4,15.5,137.7,p,Nb,92,92Nb,338.56,18.0
Mo-91,42,91,Mo,929.4,15.5,137.7,p,Mo,92,92Mo,320.29,18.0
Mo-91,42,91,Mo,929.4,15.5,137.7,d,Mo,90,90Mo,306.5,8.0
Mo-91,42,91,Mo,929.4,15.5,137.7,d,Nb,90,90Nb,160.83,8.0
Mo-91,42,91,Mo,929.4,15.5,137.7,d,Nb,91,91Nb,87.37,9.0
Mo-91,42,91,Mo,929.4,15.5,137.7,p,Nb,90,90Nb,10.94,6.0
N-13,7,13,N,597.9,10.0,99.8,d,O,15,15O,322.27,8.0
N-13,7,13,N,597.9,10.0,99.8,p,O,16,16O,231.83,13.0
N-13,7,13,N,597.9,10.0,99.8,d,C,12,12C,225.29,6.0
N-13,7,13,N,597.9,10.0,99.8,p,C,13,13C,184.86,8.0
N-13,7,13,N,597.9,10.0,99.8,p,C,12,12C,177.81,1.0
N-13,7,13,N,597.9,10.0,99.8,p,F,17,17F,95.18,18.0
N-13,7,13,N,597.9,10.0,99.8,p,N,14,14N,61.91,18.0
N-13,7,13,N,597.9,10.0,99.8,d,Ne,19,19Ne,61.77,8.0
N-13,7,13,N,597.9,10.0,99.8,d,O,14,14O,56.34,9.0
N-13,7,13,N,597.9,10.0,99.8,p,C,14,14C,44.66,18.0
N-13,7,13,N,597.9,10.0,99.8,p,O,17,17O,24.54,18.0
N-13,7,13,N,597.9,10.0,99.8,p,O,15,15O,19.77,18.0
N-13,7,13,N,597.9,10.0,99.8,d,C,13,13C,15.96,9.0
Nb-87,41,87,Nb,222.0,3.7,185.9,p,Nb,88,88Nb,218.45,18.0
Nb-87,41,87,Nb,222.0,3.7,185.9,p,Zr,87,87Zr,171.63,14.0
Nb-87,41,87,Nb,222.0,3.7,185.9,d,Zr,86,86Zr,116.11,8.0
Nb-87,41,87,Nb,222.0,3.7,185.9,d,Nb,86,86Nb,49.42,8.0
Nb-88,41,88,Nb,870.0,14.5,181.5,p,Zr,88,88Zr,290.86,15.0
Nb-88,41,88,Nb,870.0,14.5,181.5,p,Nb,89,89Nb,113.02,18.0
Nb-88,41,88,Nb,870.0,14.5,181.5,d,Zr,87,87Zr,81.8,7.0
Nb-88,41,88,Nb,870.0,14.5,181.5,d,Nb,87,87Nb,38.15,8.0
Nb-89,41,89,Nb,7308.0,121.8,156.0,p,Zr,89,89Zr,622.37,13.0
Nb-89,41,89,Nb,7308.0,121.8,156.0,p,Nb,90,90Nb,461.15,18.0
Nb-89,41,89,Nb,7308.0,121.8,156.0,d,Zr,88,88Zr,293.04,8.0
Nb-89,41,89,Nb,7308.0,121.8,156.0,d,Nb,88,88Nb,157.99,8.0
Nb-89,41,89,Nb,7308.0,121.8,156.0,d,Zr,89,89Zr,123.19,9.0
Nb-89,41,89,Nb,7308.0,121.8,156.0,p,Zr,90,90Zr,91.55,18.0
Nb-89,41,89,Nb,7308.0,121.8,156.0,p,Zr,88,88Zr,12.63,9.0
Nb-89,41,89,Nb,7308.0,121.8,156.0,d,Mo,91,91Mo,10.69,9.0
Nb-90,41,90,Nb,52560.0,876.0,53.0,p,Zr,90,90Zr,812.63,15.0
Nb-90,41,90,Nb,52560.0,876.0,53.0,p,Zr,91,91Zr,617.9,18.0
Nb-90,41,90,Nb,52560.0,876.0,53.0,p,Nb,91,91Nb,426.78,18.0
Nb-90,41,90,Nb,52560.0,876.0,53.0,d,Zr,89,89Zr,330.96,8.0
Nb-90,41,90,Nb,52560.0,876.0,53.0,d,Nb,89,89Nb,196.42,8.0
Nb-90,41,90,Nb,52560.0,876.0,53.0,p,Zr,89,89Zr,22.55,9.0
Nb-90,41,90,Nb,52560.0,876.0,53.0,p,Mo,93,93Mo,20.84,18.0
Nd-135,60,135,Nd,744.0,12.4,63.5,p,Pr,135,135Pr,729.52,15.0
Nd-135,60,135,Nd,744.0,12.4,63.5,p,Pr,136,136Pr,490.95,18.0
Nd-135,60,135,Nd,744.0,12.4,63.5,p,Nd,136,136Nd,248.99,18.0
Nd-135,60,135,Nd,744.0,12.4,63.5,d,Pr,134,134Pr,211.62,9.0
Nd-135,60,135,Nd,744.0,12.4,63.5,d,Nd,134,134Nd,156.19,9.0
Nd-135,60,135,Nd,744.0,12.4,63.5,p,Pr,134,134Pr,32.01,8.0
Nd-135,60,135,Nd,744.0,12.4,63.5,d,Pr,135,135Pr,25.01,9.0
O-15,8,15,O,122.24,2.0,99.9,d,O,14,14O,642.67,4.0
O-15,8,15,O,122.24,2.0,99.9,p,N,14,14N,435.72,1.0
O-15,8,15,O,122.24,2.0,99.9,d,F,17,17F,270.55,6.0
O-15,8,15,O,122.24,2.0,99.9,d,Ne,18,18Ne,239.91,5.0
O-15,8,15,O,122.24,2.0,99.9,d,N,14,14N,220.94,3.93
O-15,8,15,O,122.24,2.0,99.9,p,Ne,19,19Ne,218.16,13.0
O-15,8,15,O,122.24,2.0,99.9,p,N,15,15N,192.4,6.35
O-15,8,15,O,122.24,2.0,99.9,p,F,18,18F,185.17,9.0
O-15,8,15,O,122.24,2.0,99.9,d,F,18,18F,130.02,9.0
O-15,8,15,O,122.24,2.0,99.9,p,F,19,19F,103.3,15.0
O-15,8,15,O,122.24,2.0,99.9,p,Na,22,22Na,55.53,15.0
O-15,8,15,O,122.24,2.0,99.9,d,Na,21,21Na,49.98,9.0
O-15,8,15,O,122.24,2.0,99.9,p,N,16,16N,19.84,18.0
O-15,8,15,O,122.24,2.0,99.9,p,O,16,16O,19.47,17.0
P-30,15,30,P,149.88,2.5,99.9,p,Si,29,29Si,42392.22,1.0
P-30,15,30,P,149.88,2.5,99.9,p,Si,30,30Si,340.65,12.0
P-30,15,30,P,149.88,2.5,99.9,d,Si,29,29Si,279.12,4.0
P-30,15,30,P,149.88,2.5,99.9,d,P,29,29P,217.66,4.0
P-30,15,30,P,149.88,2.5,99.9,d,S,32,32S,180.15,7.0
P-30,15,30,P,149.88,2.5,99.9,p,P,31,31P,156.1,18.0
P-30,15,30,P,149.88,2.5,99.9,p,S,33,33S,134.12,13.0
P-30,15,30,P,149.88,2.5,99.9,d,Cl,33,33Cl,103.85,9.0
P-30,15,30,P,149.88,2.5,99.9,p,Si,31,31Si,57.51,18.0
P-30,15,30,P,149.88,2.5,99.9,p,Cl,34,34Cl,46.59,18.0
P-30,15,30,P,149.88,2.5,99.9,d,Si,30,30Si,13.23,9.0
Pd-97,46,97,Pd,186.0,3.1,65.0,p,Rh,97,97Rh,318.66,12.0
Pd-97,46,97,Pd,186.0,3.1,65.0,d,Pd,96,96Pd,249.06,7.0
Pd-97,46,97,Pd,186.0,3.1,65.0,p,Pd,98,98Pd,162.34,18.0
Pd-97,46,97,Pd,186.0,3.1,65.0,p,Ag,100,100Ag,87.7,12.0
Pd-97,46,97,Pd,186.0,3.1,65.0,p,Rh,98,98Rh,85.69,18.0
Pd-97,46,97,Pd,186.0,3.1,65.0,d,Rh,96,96Rh,78.83,7.0
Pd-97,46,97,Pd,186.0,3.1,65.0,d,Ag,99,99Ag,39.38,9.0
Pd-97,46,97,Pd,186.0,3.1,65.0,p,Cd,101,101Cd,17.22,18.0
Pm-136,61,136,Pm,300.0,5.0,88.5,p,Nd,136,136Nd,561.56,16.0
Pm-136,61,136,Pm,300.0,5.0,88.5,d,Nd,135,135Nd,216.26,9.0
Pm-136,61,136,Pm,300.0,5.0,88.5,p,Nd,135,135Nd,72.65,10.0
Pm-136,61,136,Pm,300.0,5.0,88.5,p,Sm,139,139Sm,14.25,18.0
Pm-137,61,137,Pm,144.0,2.4,65.0,p,Nd,137,137Nd,476.31,14.0
Pm-137,61,137,Pm,144.0,2.4,65.0,d,Nd,136,136Nd,212.42,9.0
Pm-137,61,137,Pm,144.0,2.4,65.0,p,Nd,136,136Nd,75.59,9.0
Pm-137,61,137,Pm,144.0,2.4,65.0,p,Nd,138,138Nd,67.95,18.0
Pm-139,61,139,Pm,249.0,4.2,69.5,p,Nd,139,139Nd,694.5,14.0
Pm-139,61,139,Pm,249.0,4.2,69.5,p,Nd,140,140Nd,452.25,18.0
Pm-139,61,139,Pm,249.0,4.2,69.5,d,Nd,138,138Nd,269.53,9.0
Pm-139,61,139,Pm,249.0,4.2,69.5,p,Nd,138,138Nd,65.1,8.0
Pm-139,61,139,Pm,249.0,4.2,69.5,d,Nd,139,139Nd,47.83,9.0
Pm-141,61,141,Pm,1254.0,20.9,50.5,p,Nd,141,141Nd,876.14,15.0
Pm-141,61,141,Pm,1254.0,20.9,50.5,p,Nd,142,142Nd,758.57,18.0
Pm-141,61,141,Pm,1254.0,20.9,50.5,d,Nd,140,140Nd,323.09,9.0
Pm-141,61,141,Pm,1254.0,20.9,50.5,d,Nd,141,141Nd,116.29,9.0
Pm-141,61,141,Pm,1254.0,20.9,50.5,p,Nd,140,140Nd,57.99,9.0
Pr-134,59,134,Pr,1020.0,17.0,150.4,p,Ce,134,134Ce,869.77,16.0
Pr-134,59,134,Pr,1020.0,17.0,150.4,p,Ce,135,135Ce,518.8,18.0
Pr-134,59,134,Pr,1020.0,17.0,150.4,d,Ce,133,133Ce,280.79,9.0
Pr-134,59,134,Pr,1020.0,17.0,150.4,p,Pr,135,135Pr,138.13,18.0
Pr-134,59,134,Pr,1020.0,17.0,150.4,d,Pr,133,133Pr,132.2,9.0
Pr-134,59,134,Pr,1020.0,17.0,150.4,p,Ce,133,133Ce,24.89,9.0
Pr-134,59,134,Pr,1020.0,17.0,150.4,p,Nd,137,137Nd,11.82,18.0
Pr-136,59,136,Pr,786.0,13.1,58.0,p,Ce,136,136Ce,891.91,15.0
Pr-136,59,136,Pr,786.0,13.1,58.0,p,Ce,137,137Ce,821.89,18.0
Pr-136,59,136,Pr,786.0,13.1,58.0,d,Ce,135,135Ce,248.8,9.0
Pr-136,59,136,Pr,786.0,13.1,58.0,d,Pr,135,135Pr,114.18,9.0
Pr-136,59,136,Pr,786.0,13.1,58.0,p,Pr,137,137Pr,52.2,18.0
Pr-136,59,136,Pr,786.0,13.1,58.0,d,Ce,136,136Ce,18.3,9.0
Pr-136,59,136,Pr,786.0,13.1,58.0,p,Ce,135,135Ce,17.84,9.0
Pr-136,59,136,Pr,786.0,13.1,58.0,p,Nd,139,139Nd,11.95,18.0
Pr-140,59,140,Pr,203.4,3.4,51.0,p,Ce,141,141Ce,1058.56,18.0
Pr-140,59,140,Pr,203.4,3.4,51.0,p,Ce,140,140Ce,741.71,12.0
Pr-140,59,140,Pr,203.4,3.4,51.0,d,Ce,140,140Ce,245.34,9.0
Pr-140,59,140,Pr,203.4,3.4,51.0,d,Ce,139,139Ce,136.56,9.0
Pr-140,59,140,Pr,203.4,3.4,51.0,d,Pr,139,139Pr,102.64,9.0
Pr-140,59,140,Pr,203.4,3.4,51.0,p,Ce,142,142Ce,25.92,18.0
Pr-140,59,140,Pr,203.4,3.4,51.0,p,Pr,141,141Pr,10.41,18.0
Rb-77,37,77,Rb,226.8,3.8,95.4,p,Rb,78,78Rb,95.71,18.0
Rb-77,37,77,Rb,226.8,3.8,95.4,d,Kr,76,76Kr,71.24,7.0
Rb-77,37,77,Rb,226.8,3.8,95.4,p,Kr,77,77Kr,65.6,12.0
Rb-77,37,77,Rb,226.8,3.8,95.4,d,Y,80,80Y,11.97,9.0
Rb-77,37,77,Rb,226.8,3.8,95.4,d,Rb,76,76Rb,11.51,8.0
Rb-78,37,78,Rb,1059.6,17.7,172.0,p,Kr,78,78Kr,301.82,14.0
Rb-78,37,78,Rb,1059.6,17.7,172.0,p,Rb,79,79Rb,176.55,18.0
Rb-78,37,78,Rb,1059.6,17.7,172.0,d,Kr,77,77Kr,122.24,7.0
Rb-78,37,78,Rb,1059.6,17.7,172.0,d,Rb,77,77Rb,63.07,7.0
Rb-78,37,78,Rb,1059.6,17.7,172.0,p,Kr,79,79Kr,16.1,18.0
Rb-78,37,78,Rb,1059.6,17.7,172.0,d,Sr,80,80Sr,11.09,9.0
Rb-78,37,78,Rb,1059.6,17.7,172.0,p,Sr,81,81Sr,10.55,17.0
Rb-79,37,79,Rb,1374.0,22.9,84.5,p,Rb,80,80Rb,495.68,18.0
Rb-79,37,79,Rb,1374.0,22.9,84.5,p,Kr,79,79Kr,387.25,11.0
Rb-79,37,79,Rb,1374.0,22.9,84.5,d,Kr,78,78Kr,206.73,7.0
Rb-79,37,79,Rb,1374.0,22.9,84.5,p,Kr,80,80Kr,167.61,18.0
Rb-79,37,79,Rb,1374.0,22.9,84.5,d,Kr,79,79Kr,152.06,9.0
Rb-79,37,79,Rb,1374.0,22.9,84.5,d,Rb,78,78Rb,32.61,7.0
Rb-79,37,79,Rb,1374.0,22.9,84.5,p,Sr,82,82Sr,14.38,13.0
Rb-79,37,79,Rb,1374.0,22.9,84.5,d,Sr,81,81Sr,14.16,9.0
Rb-79,37,79,Rb,1374.0,22.9,84.5,d,Y,82,82Y,10.51,9.0
Rh-95,45,95,Rh,301.2,5.0,79.3,p,Rh,96,96Rh,287.72,18.0
Rh-95,45,95,Rh,301.2,5.0,79.3,p,Ru,95,95Ru,130.43,8.0
Rh-95,45,95,Rh,301.2,5.0,79.3,d,Ru,94,94Ru,124.74,8.0
Rh-95,45,95,Rh,301.2,5.0,79.3,p,Ru,96,96Ru,53.59,18.0
Rh-95,45,95,Rh,301.2,5.0,79.3,d,Ru,95,95Ru,15.46,9.0
Rh-95,45,95,Rh,301.2,5.0,79.3,p,Ag,99,99Ag,14.81,18.0
Rh-95,45,95,Rh,301.2,5.0,79.3,d,Rh,94,94Rh,14.61,9.0
Rh-95,45,95,Rh,301.2,5.0,79.3,p,Pd,98,98Pd,10.08,12.0
Rh-96,45,96,Rh,594.0,9.9,64.5,p,Ru,96,96Ru,434.6,13.0
Rh-96,45,96,Rh,594.0,9.9,64.5,p,Rh,97,97Rh,373.27,18.0
Rh-96,45,96,Rh,594.0,9.9,64.5,p,Ru,97,97Ru,261.95,18.0
Rh-96,45,96,Rh,594.0,9.9,64.5,d,Rh,95,95Rh,184.66,7.0
Rh-96,45,96,Rh,594.0,9.9,64.5,d,Ru,95,95Ru,140.38,8.0
Rh-96,45,96,Rh,594.0,9.9,64.5,p,Pd,99,99Pd,44.03,15.0
Rh-96,45,96,Rh,594.0,9.9,64.5,p,Ag,100,100Ag,35.01,18.0
Rh-96,45,96,Rh,594.0,9.9,64.5,d,Pd,98,98Pd,25.11,9.0
Rh-97,45,97,Rh,1842.0,30.7,75.7,p,Rh,98,98Rh,648.12,18.0
Rh-97,45,97,Rh,1842.0,30.7,75.7,p,Ru,97,97Ru,598.19,12.0
Rh-97,45,97,Rh,1842.0,30.7,75.7,p,Ru,98,98Ru,551.84,18.0
Rh-97,45,97,Rh,1842.0,30.7,75.7,d,Ru,97,97Ru,295.18,9.0
Rh-97,45,97,Rh,1842.0,30.7,75.7,d,Ru,96,96Ru,255.07,8.0
Rh-97,45,97,Rh,1842.0,30.7,75.7,d,Rh,96,96Rh,133.63,8.0
Rh-97,45,97,Rh,1842.0,30.7,75.7,p,Pd,100,100Pd,51.34,17.0
Rh-97,45,97,Rh,1842.0,30.7,75.7,d,Pd,99,99Pd,33.15,9.0
Rh-97,45,97,Rh,1842.0,30.7,75.7,p,Ag,101,101Ag,15.02,18.0
Rh-98,45,98,Rh,523.2,8.7,87.6,p,Ru,98,98Ru,691.05,13.0
Rh-98,45,98,Rh,523.2,8.7,87.6,p,Ru,99,99Ru,589.26,18.0
Rh-98,45,98,Rh,523.2,8.7,87.6,p,Rh,99,99Rh,319.23,18.0
Rh-98,45,98,Rh,523.2,8.7,87.6,d,Rh,97,97Rh,222.14,9.0
Rh-98,45,98,Rh,523.2,8.7,87.6,d,Ru,97,97Ru,218.48,8.0
Rh-98,45,98,Rh,523.2,8.7,87.6,d,Ru,98,98Ru,97.04,9.0
Rh-98,45,98,Rh,523.2,8.7,87.6,p,Pd,101,101Pd,30.71,17.0
Rh-98,45,98,Rh,523.2,8.7,87.6,d,Pd,100,100Pd,17.6,9.0
Ru-92,44,92,Ru,219.0,3.7,65.0,p,Ru,93,93Ru,56.47,18.0
Ru-92,44,92,Ru,219.0,3.7,65.0,d,Ru,91,91Ru,13.74,9.0
Sb-113,51,113,Sb,400.2,6.7,69.5,p,Sn,113,113Sn,539.08,13.0
Sb-113,51,113,Sb,400.2,6.7,69.5,p,Sb,114,114Sb,437.77,18.0
Sb-113,51,113,Sb,400.2,6.7,69.5,p,Sn,114,114Sn,360.94,18.0
Sb-113,51,113,Sb,400.2,6.7,69.5,d,Sn,112,112Sn,345.12,9.0
Sb-113,51,113,Sb,400.2,6.7,69.5,d,Sb,112,112Sb,162.64,9.0
Sb-113,51,113,Sb,400.2,6.7,69.5,d,Sn,113,113Sn,124.27,9.0
Sb-113,51,113,Sb,400.2,6.7,69.5,p,Sn,112,112Sn,35.62,8.0
Sb-113,51,113,Sb,400.2,6.7,69.5,p,Te,116,116Te,34.59,18.0
Sb-113,51,113,Sb,400.2,6.7,69.5,p,I,117,117I,21.12,18.0
Sb-113,51,113,Sb,400.2,6.7,69.5,d,Te,115,115Te,19.61,9.0
Sb-113,51,113,Sb,400.2,6.7,69.5,p,Te,117,117Te,17.97,18.0
Sb-114,51,114,Sb,209.4,3.5,80.5,p,Sn,114,114Sn,789.0,14.0
Sb-114,51,114,Sb,209.4,3.5,80.5,p,Sn,115,115Sn,596.56,18.0
Sb-114,51,114,Sb,209.4,3.5,80.5,d,Sn,113,113Sn,295.61,9.0
Sb-114,51,114,Sb,209.4,3.5,80.5,p,Sb,115,115Sb,240.5,18.0
Sb-114,51,114,Sb,209.4,3.5,80.5,d,Sb,113,113Sb,200.68,9.0
Sb-114,51,114,Sb,209.4,3.5,80.5,p,Te,117,117Te,31.95,17.0
Sb-114,51,114,Sb,209.4,3.5,80.5,p,Sn,113,113Sn,26.36,8.0
Sb-114,51,114,Sb,209.4,3.5,80.5,p,I,118,118I,22.41,18.0
Sb-114,51,114,Sb,209.4,3.5,80.5,d,Te,116,116Te,13.67,9.0
Sb-116,51,116,Sb,948.0,15.8,79.5,p,Sn,117,117Sn,925.06,18.0
Sb-116,51,116,Sb,948.0,15.8,79.5,p,Sn,116,116Sn,857.76,13.0
Sb-116,51,116,Sb,948.0,15.8,79.5,d,Sn,115,115Sn,283.02,9.0
Sb-116,51,116,Sb,948.0,15.8,79.5,p,Sb,117,117Sb,197.17,18.0
Sb-116,51,116,Sb,948.0,15.8,79.5,d,Sb,115,115Sb,148.75,9.0
Sb-116,51,116,Sb,948.0,15.8,79.5,d,Sn,116,116Sn,99.78,9.0
Sb-116,51,116,Sb,948.0,15.8,79.5,p,Te,119,119Te,24.0,18.0
Sb-116,51,116,Sb,948.0,15.8,79.5,p,Sn,115,115Sn,23.12,7.0
Sb-118,51,118,Sb,216.0,3.6,73.7,p,Sn,119,119Sn,1042.1,18.0
Sb-118,51,118,Sb,216.0,3.6,73.7,p,Sn,118,118Sn,804.38,12.0
Sb-118,51,118,Sb,216.0,3.6,73.7,d,Sn,118,118Sn,325.04,9.0
Sb-118,51,118,Sb,216.0,3.6,73.7,d,Sn,117,117Sn,178.01,9.0
Sb-118,51,118,Sb,216.0,3.6,73.7,d,Sb,117,117Sb,116.19,9.0
Sb-118,51,118,Sb,216.0,3.6,73.7,p,Sb,119,119Sb,47.28,18.0
Sb-118,51,118,Sb,216.0,3.6,73.7,p,Te,121,121Te,13.78,18.0
Sc-43,21,43,Sc,14007.6,233.5,88.1,p,Ti,44,44Ti,566.5,18.0
Sc-43,21,43,Sc,14007.6,233.5,88.1,p,Ca,43,43Ca,432.15,9.0
Sc-43,21,43,Sc,14007.6,233.5,88.1,p,Sc,44,44Sc,379.82,18.0
Sc-43,21,43,Sc,14007.6,233.5,88.1,d,Ca,42,42Ca,316.66,5.0
Sc-43,21,43,Sc,14007.6,233.5,88.1,d,Ca,43,43Ca,253.53,9.0
Sc-43,21,43,Sc,14007.6,233.5,88.1,p,Ca,44,44Ca,215.94,18.0
Sc-43,21,43,Sc,14007.6,233.5,88.1,d,Sc,42,42Sc,125.3,5.0
Sc-43,21,43,Sc,14007.6,233.5,88.1,d,Ti,45,45Ti,50.6,7.0
Sc-43,21,43,Sc,14007.6,233.5,88.1,p,Ti,46,46Ti,42.44,15.0
Sc-43,21,43,Sc,14007.6,233.5,88.1,p,Ca,42,42Ca,39.71,4.75
Sc-43,21,43,Sc,14007.6,233.5,88.1,p,V,47,47V,11.01,18.0
Sc-44,21,44,Sc,14292.0,238.2,94.3,p,Ca,44,44Ca,648.34,12.0
Sc-44,21,44,Sc,14292.0,238.2,94.3,p,Ca,45,45Ca,510.0,18.0
Sc-44,21,44,Sc,14292.0,238.2,94.3,p,Sc,45,45Sc,426.31,18.0
Sc-44,21,44,Sc,14292.0,238.2,94.3,d,Ca,43,43Ca,400.79,5.0
Sc-44,21,44,Sc,14292.0,238.2,94.3,d,Ti,44,44Ti,398.28,9.0
Sc-44,21,44,Sc,14292.0,238.2,94.3,d,Sc,43,43Sc,305.52,5.0
Sc-44,21,44,Sc,14292.0,238.2,94.3,d,Ca,44,44Ca,301.27,9.0
Sc-44,21,44,Sc,14292.0,238.2,94.3,d,Ti,46,46Ti,107.72,9.0
Sc-44,21,44,Sc,14292.0,238.2,94.3,p,Ti,47,47Ti,87.86,16.0
Sc-44,21,44,Sc,14292.0,238.2,94.3,p,Ca,43,43Ca,17.35,4.5
Se-70,34,70,Se,2466.0,41.1,50.5,p,Se,71,71Se,93.07,18.0
Se-70,34,70,Se,2466.0,41.1,50.5,p,As,70,70As,90.25,13.0
Se-70,34,70,Se,2466.0,41.1,50.5,d,As,69,69As,58.02,6.0
Se-70,34,70,Se,2466.0,41.1,50.5,d,Se,69,69Se,24.95,7.0
Se-70,34,70,Se,2466.0,41.1,50.5,d,Kr,73,73Kr,22.31,9.0
Se-70,34,70,Se,2466.0,41.1,50.5,d,Br,72,72Br,21.94,8.0
Se-70,34,70,Se,2466.0,41.1,50.5,p,Br,73,73Br,12.2,8.0
Se-71,34,71,Se,284.4,4.7,96.0,d,Se,70,70Se,223.53,6.0
Se-71,34,71,Se,284.4,4.7,96.0,p,As,71,71As,130.93,14.0
Se-71,34,71,Se,284.4,4.7,96.0,p,Se,72,72Se,88.43,18.0
Se-71,34,71,Se,284.4,4.7,96.0,d,As,70,70As,73.79,6.0
Se-71,34,71,Se,284.4,4.7,96.0,p,As,72,72As,21.9,18.0
Se-71,34,71,Se,284.4,4.7,96.0,d,Br,73,73Br,17.2,9.0
Se-71,34,71,Se,284.4,4.7,96.0,p,Br,74,74Br,12.57,17.0
Se-73,34,73,Se,25740.0,429.0,84.8,p,As,73,73As,568.29,12.0
Se-73,34,73,Se,25740.0,429.0,84.8,p,Se,74,74Se,512.24,18.0
Se-73,34,73,Se,25740.0,429.0,84.8,d,Se,72,72Se,443.48,8.0
Se-73,34,73,Se,25740.0,429.0,84.8,p,As,74,74As,401.49,18.0
Se-73,34,73,Se,25740.0,429.0,84.8,d,As,73,73As,346.73,9.0
Se-73,34,73,Se,25740.0,429.0,84.8,d,As,72,72As,180.24,6.0
Se-73,34,73,Se,25740.0,429.0,84.8,d,Br,75,75Br,24.54,9.0
Se-73,34,73,Se,25740.0,429.0,84.8,p,Br,76,76Br,22.22,16.0
Se-73,34,73,Se,25740.0,429.0,84.8,p,Kr,77,77Kr,20.44,18.0
Sm-139,62,139,Sm,154.2,2.6,74.3,p,Sm,140,140Sm,194.87,18.0
Sm-139,62,139,Sm,154.2,2.6,74.3,d,Sm,138,138Sm,169.99,9.0
Sm-139,62,139,Sm,154.2,2.6,74.3,p,Eu,142,142Eu,15.23,18.0
Sm-141,62,141,Sm,612.0,10.2,87.0,d,Sm,140,140Sm,178.49,9.0
Sm-141,62,141,Sm,612.0,10.2,87.0,p,Sm,142,142Sm,153.23,18.0
Sm-141,62,141,Sm,612.0,10.2,87.0,p,Eu,144,144Eu,21.69,18.0
Sr-79,38,79,Sr,135.0,2.3,100.0,d,Sr,78,78Sr,143.08,6.0
Sr-79,38,79,Sr,135.0,2.3,100.0,p,Rb,79,79Rb,121.94,14.0
Sr-79,38,79,Sr,135.0,2.3,100.0,p,Sr,80,80Sr,71.34,18.0
Sr-79,38,79,Sr,135.0,2.3,100.0,d,Rb,78,78Rb,66.12,6.0
Sr-79,38,79,Sr,135.0,2.3,100.0,d,Y,81,81Y,18.49,9.0
Sr-79,38,79,Sr,135.0,2.3,100.0,p,Y,82,82Y,13.18,17.0
Sr-79,38,79,Sr,135.0,2.3,100.0,p,Rb,80,80Rb,12.22,18.0
Sr-79,38,79,Sr,135.0,2.3,100.0,p,Zr,83,83Zr,12.21,18.0
Sr-81,38,81,Sr,1338.0,22.3,90.0,p,Rb,81,81Rb,566.89,14.0
Sr-81,38,81,Sr,1338.0,22.3,90.0,d,Sr,80,80Sr,428.25,8.0
Sr-81,38,81,Sr,1338.0,22.3,90.0,p,Sr,82,82Sr,271.4,18.0
Sr-81,38,81,Sr,1338.0,22.3,90.0,d,Rb,80,80Rb,221.81,7.0
Sr-81,38,81,Sr,1338.0,22.3,90.0,p,Rb,82,82Rb,168.19,18.0
Sr-81,38,81,Sr,1338.0,22.3,90.0,d,Rb,81,81Rb,84.8,9.0
Sr-81,38,81,Sr,1338.0,22.3,90.0,p,Y,84,84Y,49.61,18.0
Sr-81,38,81,Sr,1338.0,22.3,90.0,d,Y,83,83Y,36.04,9.0
Sr-81,38,81,Sr,1338.0,22.3,90.0,p,Rb,80,80Rb,14.84,7.0
Ta-168,73,168,Ta,120.0,2.0,75.5,p,Hf,168,168Hf,832.31,16.0
Ta-168,73,168,Ta,120.0,2.0,75.5,p,Hf,169,169Hf,353.16,18.0
Ta-168,73,168,Ta,120.0,2.0,75.5,d,Hf,167,167Hf,109.1,9.0
Ta-168,73,168,Ta,120.0,2.0,75.5,d,Ta,167,167Ta,66.54,9.0
Ta-168,73,168,Ta,120.0,2.0,75.5,p,Hf,167,167Hf,53.96,10.0
Ta-168,73,168,Ta,120.0,2.0,75.5,p,Ta,169,169Ta,37.8,18.0
Ta-168,73,168,Ta,120.0,2.0,75.5,p,W,171,171W,10.69,18.0
Ta-170,73,170,Ta,405.6,6.8,67.5,p,Hf,170,170Hf,789.18,15.0
Ta-170,73,170,Ta,405.6,6.8,67.5,p,Hf,171,171Hf,622.7,18.0
Ta-170,73,170,Ta,405.6,6.8,67.5,d,Hf,169,169Hf,111.25,9.0
Ta-170,73,170,Ta,405.6,6.8,67.5,d,Ta,169,169Ta,70.02,9.0
Ta-170,73,170,Ta,405.6,6.8,67.5,p,Hf,169,169Hf,34.43,10.0
Ta-170,73,170,Ta,405.6,6.8,67.5,p,Ta,171,171Ta,15.73,18.0
Tb-147,65,147,Tb,5904.0,98.4,50.4,p,Gd,147,147Gd,744.64,16.0
Tb-147,65,147,Tb,5904.0,98.4,50.4,p,Gd,148,148Gd,685.34,18.0
Tb-147,65,147,Tb,5904.0,98.4,50.4,p,Tb,148,148Tb,526.37,18.0
Tb-147,65,147,Tb,5904.0,98.4,50.4,d,Gd,146,146Gd,193.05,9.0
Tb-147,65,147,Tb,5904.0,98.4,50.4,d,Tb,146,146Tb,88.84,9.0
Tb-147,65,147,Tb,5904.0,98.4,50.4,p,Gd,146,146Gd,83.77,9.0
Tb-147,65,147,Tb,5904.0,98.4,50.4,p,Dy,151,151Dy,42.41,18.0
Tb-147,65,147,Tb,5904.0,98.4,50.4,d,Gd,147,147Gd,26.04,9.0
Tb-147,65,147,Tb,5904.0,98.4,50.4,p,Dy,150,150Dy,22.0,18.0
Tb-147,65,147,Tb,5904.0,98.4,50.4,p,Ho,151,151Ho,10.05,18.0
Tb-148,65,148,Tb,3600.0,60.0,83.1,p,Gd,149,149Gd,918.88,18.0
Tb-148,65,148,Tb,3600.0,60.0,83.1,p,Gd,148,148Gd,819.58,15.0
Tb-148,65,148,Tb,3600.0,60.0,83.1,p,Tb,149,149Tb,374.78,18.0
Tb-148,65,148,Tb,3600.0,60.0,83.1,d,Gd,147,147Gd,197.12,9.0
Tb-148,65,148,Tb,3600.0,60.0,83.1,d,Tb,147,147Tb,111.83,9.0
Tb-148,65,148,Tb,3600.0,60.0,83.1,p,Dy,151,151Dy,47.71,18.0
Tb-148,65,148,Tb,3600.0,60.0,83.1,p,Gd,147,147Gd,43.76,10.0
Tb-148,65,148,Tb,3600.0,60.0,83.1,p,Dy,152,152Dy,35.41,16.0
Tb-148,65,148,Tb,3600.0,60.0,83.1,p,Ho,152,152Ho,10.6,18.0
Tc-91,43,91,Tc,188.4,3.1,92.0,p,Mo,91,91Mo,156.39,15.0
Tc-91,43,91,Tc,188.4,3.1,92.0,d,Mo,90,90Mo,120.29,8.0
Tc-92,43,92,Tc,255.0,4.3,89.0,p,Mo,92,92Mo,366.65,16.0
Tc-92,43,92,Tc,255.0,4.3,89.0,d,Mo,91,91Mo,123.21,8.0
Tc-92,43,92,Tc,255.0,4.3,89.0,p,Mo,93,93Mo,58.4,16.0
Tc-92,43,92,Tc,255.0,4.3,89.0,p,Ru,95,95Ru,17.48,18.0
Tc-94,43,94,Tc,17580.0,293.0,80.7,p,Mo,95,95Mo,701.45,18.0
Tc-94,43,94,Tc,17580.0,293.0,80.7,p,Mo,94,94Mo,650.93,12.0
Tc-94,43,94,Tc,17580.0,293.0,80.7,d,Mo,94,94Mo,294.87,9.0
Tc-94,43,94,Tc,17580.0,293.0,80.7,d,Mo,93,93Mo,239.73,8.0
Tc-94,43,94,Tc,17580.0,293.0,80.7,p,Ru,97,97Ru,35.1,17.0
Tc-94,43,94,Tc,17580.0,293.0,80.7,d,Ru,96,96Ru,21.03,9.0
Te-115,52,115,Te,348.0,5.8,112.5,p,Sb,115,115Sb,770.07,15.0
Te-115,52,115,Te,348.0,5.8,112.5,d,Te,114,114Te,340.6,9.0
Te-115,52,115,Te,348.0,5.8,112.5,d,Sb,114,114Sb,300.59,9.0
Te-115,52,115,Te,348.0,5.8,112.5,p,Te,116,116Te,277.94,18.0
Te-115,52,115,Te,348.0,5.8,112.5,p,Sb,116,116Sb,185.88,17.0
Te-115,52,115,Te,348.0,5.8,112.5,p,I,118,118I,111.3,17.0
Te-115,52,115,Te,348.0,5.8,112.5,p,Sb,114,114Sb,52.56,8.0
Te-115,52,115,Te,348.0,5.8,112.5,d,I,117,117I,41.51,9.0
Te-115,52,115,Te,348.0,5.8,112.5,d,Sb,115,115Sb,25.57,9.0
Ti-45,22,45,Ti,11088.0,184.8,84.8,d,Ti,44,44Ti,652.35,6.0
Ti-45,22,45,Ti,11088.0,184.8,84.8,p,Sc,45,45Sc,299.83,13.0
Ti-45,22,45,Ti,11088.0,184.8,84.8,d,Sc,45,45Sc,233.86,9.0
Ti-45,22,45,Ti,11088.0,184.8,84.8,p,Ti,46,46Ti,203.92,18.0
Ti-45,22,45,Ti,11088.0,184.8,84.8,p,Sc,46,46Sc,176.62,18.0
Ti-45,22,45,Ti,11088.0,184.8,84.8,d,Sc,44,44Sc,170.64,5.0
Ti-45,22,45,Ti,11088.0,184.8,84.8,d,V,47,47V,67.43,9.0
Ti-45,22,45,Ti,11088.0,184.8,84.8,p,V,48,48V,43.63,17.0
Tm-158,69,158,Tm,238.8,4.0,73.5,p,Er,158,158Er,832.4,16.0
Tm-158,69,158,Tm,238.8,4.0,73.5,p,Er,159,159Er,608.22,18.0
Tm-158,69,158,Tm,238.8,4.0,73.5,d,Er,157,157Er,145.02,9.0
Tm-158,69,158,Tm,238.8,4.0,73.5,d,Tm,157,157Tm,91.8,9.0
Tm-158,69,158,Tm,238.8,4.0,73.5,p,Tm,159,159Tm,70.26,18.0
Tm-158,69,158,Tm,238.8,4.0,73.5,p,Er,157,157Er,31.28,10.0
V-47,23,47,V,1956.0,32.6,96.5,p,Ti,47,47Ti,344.47,11.0
V-47,23,47,V,1956.0,32.6,96.5,p,V,48,48V,301.2,18.0
V-47,23,47,V,1956.0,32.6,96.5,d,Ti,46,46Ti,243.6,6.0
V-47,23,47,V,1956.0,32.6,96.5,d,Ti,47,47Ti,166.78,9.0
V-47,23,47,V,1956.0,32.6,96.5,p,Ti,48,48Ti,91.62,18.0
V-47,23,47,V,1956.0,32.6,96.5,p,Ti,46,46Ti,33.71,5.0
V-47,23,47,V,1956.0,32.6,96.5,d,Cr,49,49Cr,24.83,8.0
V-47,23,47,V,1956.0,32.6,96.5,p,Cr,50,50Cr,22.28,17.0
V-47,23,47,V,1956.0,32.6,96.5,d,Mn,50,50Mn,18.77,9.0
Y-83,39,83,Y,424.8,7.1,57.5,p,Sr,83,83Sr,364.79,12.0
Y-83,39,83,Y,424.8,7.1,57.5,p,Y,84,84Y,360.13,18.0
Y-83,39,83,Y,424.8,7.1,57.5,d,Sr,82,82Sr,173.45,7.0
Y-83,39,83,Y,424.8,7.1,57.5,d,Y,82,82Y,35.71,8.0
Y-83,39,83,Y,424.8,7.1,57.5,d,Sr,83,83Sr,35.16,9.0
Y-83,39,83,Y,424.8,7.1,57.5,d,Zr,85,85Zr,14.15,9.0
Y-83,39,83,Y,424.8,7.1,57.5,p,Zr,86,86Zr,12.46,18.0
Y-84,39,84,Y,2370.0,39.5,184.0,p,Sr,84,84Sr,541.01,14.0
Y-84,39,84,Y,2370.0,39.5,184.0,p,Y,85,85Y,305.16,18.0
Y-84,39,84,Y,2370.0,39.5,184.0,d,Sr,83,83Sr,171.82,7.0
Y-84,39,84,Y,2370.0,39.5,184.0,p,Sr,85,85Sr,131.04,18.0
Y-84,39,84,Y,2370.0,39.5,184.0,d,Y,83,83Y,119.11,8.0
Y-84,39,84,Y,2370.0,39.5,184.0,p,Zr,87,87Zr,13.48,18.0
Y-85,39,85,Y,9648.0,160.8,124.0,p,Sr,85,85Sr,691.49,12.0
Y-85,39,85,Y,9648.0,160.8,124.0,p,Y,86,86Y,662.06,18.0
Y-85,39,85,Y,9648.0,160.8,124.0,p,Sr,86,86Sr,439.94,18.0
Y-85,39,85,Y,9648.0,160.8,124.0,d,Sr,84,84Sr,370.52,8.0
Y-85,39,85,Y,9648.0,160.8,124.0,d,Sr,85,85Sr,340.71,9.0
Y-85,39,85,Y,9648.0,160.8,124.0,d,Y,84,84Y,91.28,8.0
Y-85,39,85,Y,9648.0,160.8,124.0,p,Sr,84,84Sr,26.76,9.0
Y-85,39,85,Y,9648.0,160.8,124.0,d,Zr,87,87Zr,12.86,9.0
Y-85,39,85,Y,9648.0,160.8,124.0,p,Zr,88,88Zr,11.95,18.0
Zn-60,30,60,Zn,142.8,2.4,96.0,p,Ga,63,63Ga,379.02,12.0
Zn-60,30,60,Zn,142.8,2.4,96.0,d,Cu,59,59Cu,83.66,6.0
Zn-60,30,60,Zn,142.8,2.4,96.0,p,Ge,64,64Ge,61.91,18.0
Zn-60,30,60,Zn,142.8,2.4,96.0,p,Cu,60,60Cu,59.92,13.0
Zn-60,30,60,Zn,142.8,2.4,96.0,p,Zn,61,61Zn,19.95,18.0
Zn-63,30,63,Zn,2308.2,38.5,92.8,d,Zn,62,62Zn,434.94,7.0
Zn-63,30,63,Zn,2308.2,38.5,92.8,p,Cu,63,63Cu,375.55,13.0
Zn-63,30,63,Zn,2308.2,38.5,92.8,p,Zn,64,64Zn,316.36,18.0
Zn-63,30,63,Zn,2308.2,38.5,92.8,p,Cu,64,64Cu,246.89,18.0
Zn-63,30,63,Zn,2308.2,38.5,92.8,d,Cu,62,62Cu,173.35,6.0
Zn-63,30,63,Zn,2308.2,38.5,92.8,d,Cu,63,63Cu,153.15,9.0
Zn-63,30,63,Zn,2308.2,38.5,92.8,p,Ge,67,67Ge,66.42,18.0
Zn-63,30,63,Zn,2308.2,38.5,92.8,p,Ga,66,66Ga,60.6,11.0
Zn-63,30,63,Zn,2308.2,38.5,92.8,d,Ga,65,65Ga,49.85,8.0
Zn-63,30,63,Zn,2308.2,38.5,92.8,d,Ge,66,66Ge,42.88,9.0
Zn-63,30,63,Zn,2308.2,38.5,92.8,d,Ga,66,66Ga,33.24,9.0
Zn-63,30,63,Zn,2308.2,38.5,92.8,p,Ga,67,67Ga,26.15,18.0
Zr-85,40,85,Zr,471.6,7.9,90.5,p,Y,85,85Y,578.75,15.0
Zr-85,40,85,Zr,471.6,7.9,90.5,d,Zr,84,84Zr,356.19,8.0
Zr-85,40,85,Zr,471.6,7.9,90.5,d,Y,84,84Y,220.16,8.0
Zr-85,40,85,Zr,471.6,7.9,90.5,p,Zr,86,86Zr,161.78,18.0
Zr-85,40,85,Zr,471.6,7.9,90.5,p,Nb,88,88Nb,58.89,18.0
Zr-85,40,85,Zr,471.6,7.9,90.5,p,Y,86,86Y,53.01,18.0
Zr-85,40,85,Zr,471.6,7.9,90.5,d,Nb,87,87Nb,36.36,9.0
Zr-85,40,85,Zr,471.6,7.9,90.5,p,Y,84,84Y,33.42,7.0
Zr-85,40,85,Zr,471.6,7.9,90.5,d,Y,85,85Y,16.4,9.0
